"SUBJECT","Subject","LOCATION","Country","MEASURE","Measure","FREQUENCY","Frequency","TIME","Time","Unit Code","Unit","PowerCode Code","PowerCode","Reference Period Code","Reference Period","Value","Flag Codes","Flags"
"CPALTT01","Consumer prices: all items","GBR","United Kingdom","GP","Growth previous period","M","Monthly","1979-01","Jan-1979","PC","Percentage","0","Units",,,1.46914789422136,,
"CPALTT01","Consumer prices: all items","GBR","United Kingdom","GP","Growth previous period","M","Monthly","1979-02","Feb-1979","PC","Percentage","0","Units",,,0.820463320463324,,
"CPALTT01","Consumer prices: all items","GBR","United Kingdom","GP","Growth previous period","M","Monthly","1979-03","Mar-1979","PC","Percentage","0","Units",,,0.81378650071804,,
"CPALTT01","Consumer prices: all items","GBR","United Kingdom","GP","Growth previous period","M","Monthly","1979-04","Apr-1979","PC","Percentage","0","Units",,,1.70940170940171,,
"CPALTT01","Consumer prices: all items","GBR","United Kingdom","GP","Growth previous period","M","Monthly","1979-05","May-1979","PC","Percentage","0","Units",,,0.793650793650786,,
"CPALTT01","Consumer prices: all items","GBR","United Kingdom","GP","Growth previous period","M","Monthly","1979-06","Jun-1979","PC","Percentage","0","Units",,,1.71375636868922,,
"CPALTT01","Consumer prices: all items","GBR","United Kingdom","GP","Growth previous period","M","Monthly","1979-07","Jul-1979","PC","Percentage","0","Units",,,4.32604735883424,,
"CPALTT01","Consumer prices: all items","GBR","United Kingdom","GP","Growth previous period","M","Monthly","1979-08","Aug-1979","PC","Percentage","0","Units",,,0.785683107813188,,
"CPALTT01","Consumer prices: all items","GBR","United Kingdom","GP","Growth previous period","M","Monthly","1979-09","Sep-1979","PC","Percentage","0","Units",,,0.996102208748364,,
"CPALTT01","Consumer prices: all items","GBR","United Kingdom","GP","Growth previous period","M","Monthly","1979-10","Oct-1979","PC","Percentage","0","Units",,,1.02915951972556,,
"CPALTT01","Consumer prices: all items","GBR","United Kingdom","GP","Growth previous period","M","Monthly","1979-11","Nov-1979","PC","Percentage","0","Units",,,0.891341256366707,,
"CPALTT01","Consumer prices: all items","GBR","United Kingdom","GP","Growth previous period","M","Monthly","1979-12","Dec-1979","PC","Percentage","0","Units",,,0.715187210769892,,
"CPALTT01","Consumer prices: all items","GBR","United Kingdom","GP","Growth previous period","M","Monthly","1980-01","Jan-1980","PC","Percentage","0","Units",,,2.46449456975773,,
"CPALTT01","Consumer prices: all items","GBR","United Kingdom","GP","Growth previous period","M","Monthly","1980-02","Feb-1980","PC","Percentage","0","Units",,,1.42682429677945,,
"CPALTT01","Consumer prices: all items","GBR","United Kingdom","GP","Growth previous period","M","Monthly","1980-03","Mar-1980","PC","Percentage","0","Units",,,1.36655948553053,,
"CPALTT01","Consumer prices: all items","GBR","United Kingdom","GP","Growth previous period","M","Monthly","1980-04","Apr-1980","PC","Percentage","0","Units",,,3.4099920697859,,
"CPALTT01","Consumer prices: all items","GBR","United Kingdom","GP","Growth previous period","M","Monthly","1980-05","May-1980","PC","Percentage","0","Units",,,0.920245398773008,,
"CPALTT01","Consumer prices: all items","GBR","United Kingdom","GP","Growth previous period","M","Monthly","1980-06","Jun-1980","PC","Percentage","0","Units",,,0.949848024316104,,
"CPALTT01","Consumer prices: all items","GBR","United Kingdom","GP","Growth previous period","M","Monthly","1980-07","Jul-1980","PC","Percentage","0","Units",,,0.828001505457279,,
"CPALTT01","Consumer prices: all items","GBR","United Kingdom","GP","Growth previous period","M","Monthly","1980-08","Aug-1980","PC","Percentage","0","Units",,,0.223964165733478,,
"CPALTT01","Consumer prices: all items","GBR","United Kingdom","GP","Growth previous period","M","Monthly","1980-09","Sep-1980","PC","Percentage","0","Units",,,0.633147113594053,,
"CPALTT01","Consumer prices: all items","GBR","United Kingdom","GP","Growth previous period","M","Monthly","1980-10","Oct-1980","PC","Percentage","0","Units",,,0.629163582531452,,
"CPALTT01","Consumer prices: all items","GBR","United Kingdom","GP","Growth previous period","M","Monthly","1980-11","Nov-1980","PC","Percentage","0","Units",,,0.809121000367779,,
"CPALTT01","Consumer prices: all items","GBR","United Kingdom","GP","Growth previous period","M","Monthly","1980-12","Dec-1980","PC","Percentage","0","Units",,,0.547245530828155,,
"CPALTT01","Consumer prices: all items","GBR","United Kingdom","GP","Growth previous period","M","Monthly","1981-01","Jan-1981","PC","Percentage","0","Units",,,0.616835994194497,,
"CPALTT01","Consumer prices: all items","GBR","United Kingdom","GP","Growth previous period","M","Monthly","1981-02","Feb-1981","PC","Percentage","0","Units",,,0.901550667147489,,
"CPALTT01","Consumer prices: all items","GBR","United Kingdom","GP","Growth previous period","M","Monthly","1981-03","Mar-1981","PC","Percentage","0","Units",,,1.5010721944246,,
"CPALTT01","Consumer prices: all items","GBR","United Kingdom","GP","Growth previous period","M","Monthly","1981-04","Apr-1981","PC","Percentage","0","Units",,,2.88732394366198,,
"CPALTT01","Consumer prices: all items","GBR","United Kingdom","GP","Growth previous period","M","Monthly","1981-05","May-1981","PC","Percentage","0","Units",,,0.650239561943856,,
"CPALTT01","Consumer prices: all items","GBR","United Kingdom","GP","Growth previous period","M","Monthly","1981-06","Jun-1981","PC","Percentage","0","Units",,,0.578034682080936,,
"CPALTT01","Consumer prices: all items","GBR","United Kingdom","GP","Growth previous period","M","Monthly","1981-07","Jul-1981","PC","Percentage","0","Units",,,0.439486139283302,,
"CPALTT01","Consumer prices: all items","GBR","United Kingdom","GP","Growth previous period","M","Monthly","1981-08","Aug-1981","PC","Percentage","0","Units",,,0.740491417031284,,
"CPALTT01","Consumer prices: all items","GBR","United Kingdom","GP","Growth previous period","M","Monthly","1981-09","Sep-1981","PC","Percentage","0","Units",,,0.567991981289687,,
"CPALTT01","Consumer prices: all items","GBR","United Kingdom","GP","Growth previous period","M","Monthly","1981-10","Oct-1981","PC","Percentage","0","Units",,,0.897009966777424,,
"CPALTT01","Consumer prices: all items","GBR","United Kingdom","GP","Growth previous period","M","Monthly","1981-11","Nov-1981","PC","Percentage","0","Units",,,1.05367138623642,,
"CPALTT01","Consumer prices: all items","GBR","United Kingdom","GP","Growth previous period","M","Monthly","1981-12","Dec-1981","PC","Percentage","0","Units",,,0.619094167481263,,
"CPALTT01","Consumer prices: all items","GBR","United Kingdom","GP","Growth previous period","M","Monthly","1982-01","Jan-1982","PC","Percentage","0","Units",,,0.582901554404134,,
"CPALTT01","Consumer prices: all items","GBR","United Kingdom","GP","Growth previous period","M","Monthly","1982-02","Feb-1982","PC","Percentage","0","Units",,,0.0321957501609885,,
"CPALTT01","Consumer prices: all items","GBR","United Kingdom","GP","Growth previous period","M","Monthly","1982-03","Mar-1982","PC","Percentage","0","Units",,,0.869005471515931,,
"CPALTT01","Consumer prices: all items","GBR","United Kingdom","GP","Growth previous period","M","Monthly","1982-04","Apr-1982","PC","Percentage","0","Units",,,2.01021059349076,,
"CPALTT01","Consumer prices: all items","GBR","United Kingdom","GP","Growth previous period","M","Monthly","1982-05","May-1982","PC","Percentage","0","Units",,,0.719424460431646,,
"CPALTT01","Consumer prices: all items","GBR","United Kingdom","GP","Growth previous period","M","Monthly","1982-06","Jun-1982","PC","Percentage","0","Units",,,0.279503105590057,,
"CPALTT01","Consumer prices: all items","GBR","United Kingdom","GP","Growth previous period","M","Monthly","1982-07","Jul-1982","PC","Percentage","0","Units",,,0.0309693403530599,,
"CPALTT01","Consumer prices: all items","GBR","United Kingdom","GP","Growth previous period","M","Monthly","1982-08","Aug-1982","PC","Percentage","0","Units",,,0.0309597523219759,,
"CPALTT01","Consumer prices: all items","GBR","United Kingdom","GP","Growth previous period","M","Monthly","1982-09","Sep-1982","PC","Percentage","0","Units",,,-0.0619003404518763,,
"CPALTT01","Consumer prices: all items","GBR","United Kingdom","GP","Growth previous period","M","Monthly","1982-10","Oct-1982","PC","Percentage","0","Units",,,0.495509445648808,,
"CPALTT01","Consumer prices: all items","GBR","United Kingdom","GP","Growth previous period","M","Monthly","1982-11","Nov-1982","PC","Percentage","0","Units",,,0.493066255778121,,
"CPALTT01","Consumer prices: all items","GBR","United Kingdom","GP","Growth previous period","M","Monthly","1982-12","Dec-1982","PC","Percentage","0","Units",,,-0.183992640294385,,
"CPALTT01","Consumer prices: all items","GBR","United Kingdom","GP","Growth previous period","M","Monthly","1983-01","Jan-1983","PC","Percentage","0","Units",,,0.122887864823341,,
"CPALTT01","Consumer prices: all items","GBR","United Kingdom","GP","Growth previous period","M","Monthly","1983-02","Feb-1983","PC","Percentage","0","Units",,,0.429579625652052,,
"CPALTT01","Consumer prices: all items","GBR","United Kingdom","GP","Growth previous period","M","Monthly","1983-03","Mar-1983","PC","Percentage","0","Units",,,0.183318056828594,,
"CPALTT01","Consumer prices: all items","GBR","United Kingdom","GP","Growth previous period","M","Monthly","1983-04","Apr-1983","PC","Percentage","0","Units",,,1.40286672766087,,
"CPALTT01","Consumer prices: all items","GBR","United Kingdom","GP","Growth previous period","M","Monthly","1983-05","May-1983","PC","Percentage","0","Units",,,0.421052631578944,,
"CPALTT01","Consumer prices: all items","GBR","United Kingdom","GP","Growth previous period","M","Monthly","1983-06","Jun-1983","PC","Percentage","0","Units",,,0.239592692422881,,
"CPALTT01","Consumer prices: all items","GBR","United Kingdom","GP","Growth previous period","M","Monthly","1983-07","Jul-1983","PC","Percentage","0","Units",,,0.537795040334632,,
"CPALTT01","Consumer prices: all items","GBR","United Kingdom","GP","Growth previous period","M","Monthly","1983-08","Aug-1983","PC","Percentage","0","Units",,,0.445765230312027,,
"CPALTT01","Consumer prices: all items","GBR","United Kingdom","GP","Growth previous period","M","Monthly","1983-09","Sep-1983","PC","Percentage","0","Units",,,0.443786982248527,,
"CPALTT01","Consumer prices: all items","GBR","United Kingdom","GP","Growth previous period","M","Monthly","1983-10","Oct-1983","PC","Percentage","0","Units",,,0.353460972017666,,
"CPALTT01","Consumer prices: all items","GBR","United Kingdom","GP","Growth previous period","M","Monthly","1983-11","Nov-1983","PC","Percentage","0","Units",,,0.352216025829183,,
"CPALTT01","Consumer prices: all items","GBR","United Kingdom","GP","Growth previous period","M","Monthly","1983-12","Dec-1983","PC","Percentage","0","Units",,,0.263234863995315,,
"CPALTT01","Consumer prices: all items","GBR","United Kingdom","GP","Growth previous period","M","Monthly","1984-01","Jan-1984","PC","Percentage","0","Units",,,-0.0583430571761856,,
"CPALTT01","Consumer prices: all items","GBR","United Kingdom","GP","Growth previous period","M","Monthly","1984-02","Feb-1984","PC","Percentage","0","Units",,,0.408639813193225,,
"CPALTT01","Consumer prices: all items","GBR","United Kingdom","GP","Growth previous period","M","Monthly","1984-03","Mar-1984","PC","Percentage","0","Units",,,0.319767441860464,,
"CPALTT01","Consumer prices: all items","GBR","United Kingdom","GP","Growth previous period","M","Monthly","1984-04","Apr-1984","PC","Percentage","0","Units",,,1.3329469718922,,
"CPALTT01","Consumer prices: all items","GBR","United Kingdom","GP","Growth previous period","M","Monthly","1984-05","May-1984","PC","Percentage","0","Units",,,0.371747211895899,,
"CPALTT01","Consumer prices: all items","GBR","United Kingdom","GP","Growth previous period","M","Monthly","1984-06","Jun-1984","PC","Percentage","0","Units",,,0.256410256410265,,
"CPALTT01","Consumer prices: all items","GBR","United Kingdom","GP","Growth previous period","M","Monthly","1984-07","Jul-1984","PC","Percentage","0","Units",,,-0.113668655868138,,
"CPALTT01","Consumer prices: all items","GBR","United Kingdom","GP","Growth previous period","M","Monthly","1984-08","Aug-1984","PC","Percentage","0","Units",,,0.938833570412514,,
"CPALTT01","Consumer prices: all items","GBR","United Kingdom","GP","Growth previous period","M","Monthly","1984-09","Sep-1984","PC","Percentage","0","Units",,,0.197294250281854,,
"CPALTT01","Consumer prices: all items","GBR","United Kingdom","GP","Growth previous period","M","Monthly","1984-10","Oct-1984","PC","Percentage","0","Units",,,0.618846694796046,,
"CPALTT01","Consumer prices: all items","GBR","United Kingdom","GP","Growth previous period","M","Monthly","1984-11","Nov-1984","PC","Percentage","0","Units",,,0.307520268381337,,
"CPALTT01","Consumer prices: all items","GBR","United Kingdom","GP","Growth previous period","M","Monthly","1984-12","Dec-1984","PC","Percentage","0","Units",,,-0.0836120401337911,,
"CPALTT01","Consumer prices: all items","GBR","United Kingdom","GP","Growth previous period","M","Monthly","1985-01","Jan-1985","PC","Percentage","0","Units",,,0.362622036262192,,
"CPALTT01","Consumer prices: all items","GBR","United Kingdom","GP","Growth previous period","M","Monthly","1985-02","Feb-1985","PC","Percentage","0","Units",,,0.767543859649121,,
"CPALTT01","Consumer prices: all items","GBR","United Kingdom","GP","Growth previous period","M","Monthly","1985-03","Mar-1985","PC","Percentage","0","Units",,,0.979325353645268,,
"CPALTT01","Consumer prices: all items","GBR","United Kingdom","GP","Growth previous period","M","Monthly","1985-04","Apr-1985","PC","Percentage","0","Units",,,2.1551724137931,,
"CPALTT01","Consumer prices: all items","GBR","United Kingdom","GP","Growth previous period","M","Monthly","1985-05","May-1985","PC","Percentage","0","Units",,,0.421940928270049,,
"CPALTT01","Consumer prices: all items","GBR","United Kingdom","GP","Growth previous period","M","Monthly","1985-06","Jun-1985","PC","Percentage","0","Units",,,0.210084033613436,,
"CPALTT01","Consumer prices: all items","GBR","United Kingdom","GP","Growth previous period","M","Monthly","1985-07","Jul-1985","PC","Percentage","0","Units",,,-0.209643605870011,,
"CPALTT01","Consumer prices: all items","GBR","United Kingdom","GP","Growth previous period","M","Monthly","1985-08","Aug-1985","PC","Percentage","0","Units",,,0.31512605042016,,
"CPALTT01","Consumer prices: all items","GBR","United Kingdom","GP","Growth previous period","M","Monthly","1985-09","Sep-1985","PC","Percentage","0","Units",,,-0.104712041884818,,
"CPALTT01","Consumer prices: all items","GBR","United Kingdom","GP","Growth previous period","M","Monthly","1985-10","Oct-1985","PC","Percentage","0","Units",,,0.209643605870024,,
"CPALTT01","Consumer prices: all items","GBR","United Kingdom","GP","Growth previous period","M","Monthly","1985-11","Nov-1985","PC","Percentage","0","Units",,,0.313807531380758,,
"CPALTT01","Consumer prices: all items","GBR","United Kingdom","GP","Growth previous period","M","Monthly","1985-12","Dec-1985","PC","Percentage","0","Units",,,0.10427528675704,,
"CPALTT01","Consumer prices: all items","GBR","United Kingdom","GP","Growth previous period","M","Monthly","1986-01","Jan-1986","PC","Percentage","0","Units",,,0.208333333333324,,
"CPALTT01","Consumer prices: all items","GBR","United Kingdom","GP","Growth previous period","M","Monthly","1986-02","Feb-1986","PC","Percentage","0","Units",,,0.415800415800422,,
"CPALTT01","Consumer prices: all items","GBR","United Kingdom","GP","Growth previous period","M","Monthly","1986-03","Mar-1986","PC","Percentage","0","Units",,,0.103519668737062,,
"CPALTT01","Consumer prices: all items","GBR","United Kingdom","GP","Growth previous period","M","Monthly","1986-04","Apr-1986","PC","Percentage","0","Units",,,1.03412616339194,,
"CPALTT01","Consumer prices: all items","GBR","United Kingdom","GP","Growth previous period","M","Monthly","1986-05","May-1986","PC","Percentage","0","Units",,,0.102354145342888,,
"CPALTT01","Consumer prices: all items","GBR","United Kingdom","GP","Growth previous period","M","Monthly","1986-06","Jun-1986","PC","Percentage","0","Units",,,0,,
"CPALTT01","Consumer prices: all items","GBR","United Kingdom","GP","Growth previous period","M","Monthly","1986-07","Jul-1986","PC","Percentage","0","Units",,,-0.306748466257673,,
"CPALTT01","Consumer prices: all items","GBR","United Kingdom","GP","Growth previous period","M","Monthly","1986-08","Aug-1986","PC","Percentage","0","Units",,,0.307692307692312,,
"CPALTT01","Consumer prices: all items","GBR","United Kingdom","GP","Growth previous period","M","Monthly","1986-09","Sep-1986","PC","Percentage","0","Units",,,0.511247443762776,,
"CPALTT01","Consumer prices: all items","GBR","United Kingdom","GP","Growth previous period","M","Monthly","1986-10","Oct-1986","PC","Percentage","0","Units",,,0.203458799593086,,
"CPALTT01","Consumer prices: all items","GBR","United Kingdom","GP","Growth previous period","M","Monthly","1986-11","Nov-1986","PC","Percentage","0","Units",,,0.812182741116751,,
"CPALTT01","Consumer prices: all items","GBR","United Kingdom","GP","Growth previous period","M","Monthly","1986-12","Dec-1986","PC","Percentage","0","Units",,,0.30211480362537,,
"CPALTT01","Consumer prices: all items","GBR","United Kingdom","GP","Growth previous period","M","Monthly","1987-01","Jan-1987","PC","Percentage","0","Units",,,0.401606425702817,,
"CPALTT01","Consumer prices: all items","GBR","United Kingdom","GP","Growth previous period","M","Monthly","1987-02","Feb-1987","PC","Percentage","0","Units",,,0.400000000000006,,
"CPALTT01","Consumer prices: all items","GBR","United Kingdom","GP","Growth previous period","M","Monthly","1987-03","Mar-1987","PC","Percentage","0","Units",,,0.199203187250987,,
"CPALTT01","Consumer prices: all items","GBR","United Kingdom","GP","Growth previous period","M","Monthly","1987-04","Apr-1987","PC","Percentage","0","Units",,,1.19284294234593,,
"CPALTT01","Consumer prices: all items","GBR","United Kingdom","GP","Growth previous period","M","Monthly","1987-05","May-1987","PC","Percentage","0","Units",,,0.0982318271119978,,
"CPALTT01","Consumer prices: all items","GBR","United Kingdom","GP","Growth previous period","M","Monthly","1987-06","Jun-1987","PC","Percentage","0","Units",,,0,,
"CPALTT01","Consumer prices: all items","GBR","United Kingdom","GP","Growth previous period","M","Monthly","1987-07","Jul-1987","PC","Percentage","0","Units",,,-0.0981354268891204,,
"CPALTT01","Consumer prices: all items","GBR","United Kingdom","GP","Growth previous period","M","Monthly","1987-08","Aug-1987","PC","Percentage","0","Units",,,0.294695481335945,,
"CPALTT01","Consumer prices: all items","GBR","United Kingdom","GP","Growth previous period","M","Monthly","1987-09","Sep-1987","PC","Percentage","0","Units",,,0.293829578844275,,
"CPALTT01","Consumer prices: all items","GBR","United Kingdom","GP","Growth previous period","M","Monthly","1987-10","Oct-1987","PC","Percentage","0","Units",,,0.488281250000019,,
"CPALTT01","Consumer prices: all items","GBR","United Kingdom","GP","Growth previous period","M","Monthly","1987-11","Nov-1987","PC","Percentage","0","Units",,,0.485908649173939,,
"CPALTT01","Consumer prices: all items","GBR","United Kingdom","GP","Growth previous period","M","Monthly","1987-12","Dec-1987","PC","Percentage","0","Units",,,-0.0967117988394717,,
"CPALTT01","Consumer prices: all items","GBR","United Kingdom","GP","Growth previous period","M","Monthly","1988-01","Jan-1988","PC","Percentage","0","Units",,,0,"B","Break"
"CPALTT01","Consumer prices: all items","GBR","United Kingdom","GP","Growth previous period","M","Monthly","1988-02","Feb-1988","PC","Percentage","0","Units",,,0.3,,
"CPALTT01","Consumer prices: all items","GBR","United Kingdom","GP","Growth previous period","M","Monthly","1988-03","Mar-1988","PC","Percentage","0","Units",,,0.4,,
"CPALTT01","Consumer prices: all items","GBR","United Kingdom","GP","Growth previous period","M","Monthly","1988-04","Apr-1988","PC","Percentage","0","Units",,,1.3,,
"CPALTT01","Consumer prices: all items","GBR","United Kingdom","GP","Growth previous period","M","Monthly","1988-05","May-1988","PC","Percentage","0","Units",,,0.5,,
"CPALTT01","Consumer prices: all items","GBR","United Kingdom","GP","Growth previous period","M","Monthly","1988-06","Jun-1988","PC","Percentage","0","Units",,,0.3,,
"CPALTT01","Consumer prices: all items","GBR","United Kingdom","GP","Growth previous period","M","Monthly","1988-07","Jul-1988","PC","Percentage","0","Units",,,0,,
"CPALTT01","Consumer prices: all items","GBR","United Kingdom","GP","Growth previous period","M","Monthly","1988-08","Aug-1988","PC","Percentage","0","Units",,,0.5,,
"CPALTT01","Consumer prices: all items","GBR","United Kingdom","GP","Growth previous period","M","Monthly","1988-09","Sep-1988","PC","Percentage","0","Units",,,0.5,,
"CPALTT01","Consumer prices: all items","GBR","United Kingdom","GP","Growth previous period","M","Monthly","1988-10","Oct-1988","PC","Percentage","0","Units",,,0.7,,
"CPALTT01","Consumer prices: all items","GBR","United Kingdom","GP","Growth previous period","M","Monthly","1988-11","Nov-1988","PC","Percentage","0","Units",,,0.5,,
"CPALTT01","Consumer prices: all items","GBR","United Kingdom","GP","Growth previous period","M","Monthly","1988-12","Dec-1988","PC","Percentage","0","Units",,,0.1,,
"CPALTT01","Consumer prices: all items","GBR","United Kingdom","GP","Growth previous period","M","Monthly","1989-01","Jan-1989","PC","Percentage","0","Units",,,0.4,,
"CPALTT01","Consumer prices: all items","GBR","United Kingdom","GP","Growth previous period","M","Monthly","1989-02","Feb-1989","PC","Percentage","0","Units",,,0.4,,
"CPALTT01","Consumer prices: all items","GBR","United Kingdom","GP","Growth previous period","M","Monthly","1989-03","Mar-1989","PC","Percentage","0","Units",,,0.5,,
"CPALTT01","Consumer prices: all items","GBR","United Kingdom","GP","Growth previous period","M","Monthly","1989-04","Apr-1989","PC","Percentage","0","Units",,,1,,
"CPALTT01","Consumer prices: all items","GBR","United Kingdom","GP","Growth previous period","M","Monthly","1989-05","May-1989","PC","Percentage","0","Units",,,0.7,,
"CPALTT01","Consumer prices: all items","GBR","United Kingdom","GP","Growth previous period","M","Monthly","1989-06","Jun-1989","PC","Percentage","0","Units",,,0.3,,
"CPALTT01","Consumer prices: all items","GBR","United Kingdom","GP","Growth previous period","M","Monthly","1989-07","Jul-1989","PC","Percentage","0","Units",,,0,,
"CPALTT01","Consumer prices: all items","GBR","United Kingdom","GP","Growth previous period","M","Monthly","1989-08","Aug-1989","PC","Percentage","0","Units",,,0.3,,
"CPALTT01","Consumer prices: all items","GBR","United Kingdom","GP","Growth previous period","M","Monthly","1989-09","Sep-1989","PC","Percentage","0","Units",,,0.7,,
"CPALTT01","Consumer prices: all items","GBR","United Kingdom","GP","Growth previous period","M","Monthly","1989-10","Oct-1989","PC","Percentage","0","Units",,,0.8,,
"CPALTT01","Consumer prices: all items","GBR","United Kingdom","GP","Growth previous period","M","Monthly","1989-11","Nov-1989","PC","Percentage","0","Units",,,0.4,,
"CPALTT01","Consumer prices: all items","GBR","United Kingdom","GP","Growth previous period","M","Monthly","1989-12","Dec-1989","PC","Percentage","0","Units",,,0.2,,
"CPALTT01","Consumer prices: all items","GBR","United Kingdom","GP","Growth previous period","M","Monthly","1990-01","Jan-1990","PC","Percentage","0","Units",,,0.5,,
"CPALTT01","Consumer prices: all items","GBR","United Kingdom","GP","Growth previous period","M","Monthly","1990-02","Feb-1990","PC","Percentage","0","Units",,,0.8,,
"CPALTT01","Consumer prices: all items","GBR","United Kingdom","GP","Growth previous period","M","Monthly","1990-03","Mar-1990","PC","Percentage","0","Units",,,0.4,,
"CPALTT01","Consumer prices: all items","GBR","United Kingdom","GP","Growth previous period","M","Monthly","1990-04","Apr-1990","PC","Percentage","0","Units",,,2.5,,
"CPALTT01","Consumer prices: all items","GBR","United Kingdom","GP","Growth previous period","M","Monthly","1990-05","May-1990","PC","Percentage","0","Units",,,1.1,,
"CPALTT01","Consumer prices: all items","GBR","United Kingdom","GP","Growth previous period","M","Monthly","1990-06","Jun-1990","PC","Percentage","0","Units",,,0.3,,
"CPALTT01","Consumer prices: all items","GBR","United Kingdom","GP","Growth previous period","M","Monthly","1990-07","Jul-1990","PC","Percentage","0","Units",,,0,,
"CPALTT01","Consumer prices: all items","GBR","United Kingdom","GP","Growth previous period","M","Monthly","1990-08","Aug-1990","PC","Percentage","0","Units",,,0.9,,
"CPALTT01","Consumer prices: all items","GBR","United Kingdom","GP","Growth previous period","M","Monthly","1990-09","Sep-1990","PC","Percentage","0","Units",,,0.9,,
"CPALTT01","Consumer prices: all items","GBR","United Kingdom","GP","Growth previous period","M","Monthly","1990-10","Oct-1990","PC","Percentage","0","Units",,,0.8,,
"CPALTT01","Consumer prices: all items","GBR","United Kingdom","GP","Growth previous period","M","Monthly","1990-11","Nov-1990","PC","Percentage","0","Units",,,0.3,,
"CPALTT01","Consumer prices: all items","GBR","United Kingdom","GP","Growth previous period","M","Monthly","1990-12","Dec-1990","PC","Percentage","0","Units",,,0.2,,
"CPALTT01","Consumer prices: all items","GBR","United Kingdom","GP","Growth previous period","M","Monthly","1991-01","Jan-1991","PC","Percentage","0","Units",,,0,,
"CPALTT01","Consumer prices: all items","GBR","United Kingdom","GP","Growth previous period","M","Monthly","1991-02","Feb-1991","PC","Percentage","0","Units",,,0.4,,
"CPALTT01","Consumer prices: all items","GBR","United Kingdom","GP","Growth previous period","M","Monthly","1991-03","Mar-1991","PC","Percentage","0","Units",,,0.5,,
"CPALTT01","Consumer prices: all items","GBR","United Kingdom","GP","Growth previous period","M","Monthly","1991-04","Apr-1991","PC","Percentage","0","Units",,,2.1,,
"CPALTT01","Consumer prices: all items","GBR","United Kingdom","GP","Growth previous period","M","Monthly","1991-05","May-1991","PC","Percentage","0","Units",,,0.7,,
"CPALTT01","Consumer prices: all items","GBR","United Kingdom","GP","Growth previous period","M","Monthly","1991-06","Jun-1991","PC","Percentage","0","Units",,,0.5,,
"CPALTT01","Consumer prices: all items","GBR","United Kingdom","GP","Growth previous period","M","Monthly","1991-07","Jul-1991","PC","Percentage","0","Units",,,-0.2,,
"CPALTT01","Consumer prices: all items","GBR","United Kingdom","GP","Growth previous period","M","Monthly","1991-08","Aug-1991","PC","Percentage","0","Units",,,0.9,,
"CPALTT01","Consumer prices: all items","GBR","United Kingdom","GP","Growth previous period","M","Monthly","1991-09","Sep-1991","PC","Percentage","0","Units",,,0.3,,
"CPALTT01","Consumer prices: all items","GBR","United Kingdom","GP","Growth previous period","M","Monthly","1991-10","Oct-1991","PC","Percentage","0","Units",,,0.5,,
"CPALTT01","Consumer prices: all items","GBR","United Kingdom","GP","Growth previous period","M","Monthly","1991-11","Nov-1991","PC","Percentage","0","Units",,,0.3,,
"CPALTT01","Consumer prices: all items","GBR","United Kingdom","GP","Growth previous period","M","Monthly","1991-12","Dec-1991","PC","Percentage","0","Units",,,0.2,,
"CPALTT01","Consumer prices: all items","GBR","United Kingdom","GP","Growth previous period","M","Monthly","1992-01","Jan-1992","PC","Percentage","0","Units",,,-0.2,,
"CPALTT01","Consumer prices: all items","GBR","United Kingdom","GP","Growth previous period","M","Monthly","1992-02","Feb-1992","PC","Percentage","0","Units",,,0.5,,
"CPALTT01","Consumer prices: all items","GBR","United Kingdom","GP","Growth previous period","M","Monthly","1992-03","Mar-1992","PC","Percentage","0","Units",,,0.4,,
"CPALTT01","Consumer prices: all items","GBR","United Kingdom","GP","Growth previous period","M","Monthly","1992-04","Apr-1992","PC","Percentage","0","Units",,,1.2,,
"CPALTT01","Consumer prices: all items","GBR","United Kingdom","GP","Growth previous period","M","Monthly","1992-05","May-1992","PC","Percentage","0","Units",,,0.6,,
"CPALTT01","Consumer prices: all items","GBR","United Kingdom","GP","Growth previous period","M","Monthly","1992-06","Jun-1992","PC","Percentage","0","Units",,,0.1,,
"CPALTT01","Consumer prices: all items","GBR","United Kingdom","GP","Growth previous period","M","Monthly","1992-07","Jul-1992","PC","Percentage","0","Units",,,-0.3,,
"CPALTT01","Consumer prices: all items","GBR","United Kingdom","GP","Growth previous period","M","Monthly","1992-08","Aug-1992","PC","Percentage","0","Units",,,0.1,,
"CPALTT01","Consumer prices: all items","GBR","United Kingdom","GP","Growth previous period","M","Monthly","1992-09","Sep-1992","PC","Percentage","0","Units",,,0.3,,
"CPALTT01","Consumer prices: all items","GBR","United Kingdom","GP","Growth previous period","M","Monthly","1992-10","Oct-1992","PC","Percentage","0","Units",,,0.3,,
"CPALTT01","Consumer prices: all items","GBR","United Kingdom","GP","Growth previous period","M","Monthly","1992-11","Nov-1992","PC","Percentage","0","Units",,,0.1,,
"CPALTT01","Consumer prices: all items","GBR","United Kingdom","GP","Growth previous period","M","Monthly","1992-12","Dec-1992","PC","Percentage","0","Units",,,0.1,,
"CPALTT01","Consumer prices: all items","GBR","United Kingdom","GP","Growth previous period","M","Monthly","1993-01","Jan-1993","PC","Percentage","0","Units",,,-0.4,,
"CPALTT01","Consumer prices: all items","GBR","United Kingdom","GP","Growth previous period","M","Monthly","1993-02","Feb-1993","PC","Percentage","0","Units",,,0.6,,
"CPALTT01","Consumer prices: all items","GBR","United Kingdom","GP","Growth previous period","M","Monthly","1993-03","Mar-1993","PC","Percentage","0","Units",,,0.5,,
"CPALTT01","Consumer prices: all items","GBR","United Kingdom","GP","Growth previous period","M","Monthly","1993-04","Apr-1993","PC","Percentage","0","Units",,,0.6,,
"CPALTT01","Consumer prices: all items","GBR","United Kingdom","GP","Growth previous period","M","Monthly","1993-05","May-1993","PC","Percentage","0","Units",,,0.2,,
"CPALTT01","Consumer prices: all items","GBR","United Kingdom","GP","Growth previous period","M","Monthly","1993-06","Jun-1993","PC","Percentage","0","Units",,,0,,
"CPALTT01","Consumer prices: all items","GBR","United Kingdom","GP","Growth previous period","M","Monthly","1993-07","Jul-1993","PC","Percentage","0","Units",,,-0.2,,
"CPALTT01","Consumer prices: all items","GBR","United Kingdom","GP","Growth previous period","M","Monthly","1993-08","Aug-1993","PC","Percentage","0","Units",,,0.5,,
"CPALTT01","Consumer prices: all items","GBR","United Kingdom","GP","Growth previous period","M","Monthly","1993-09","Sep-1993","PC","Percentage","0","Units",,,0.4,,
"CPALTT01","Consumer prices: all items","GBR","United Kingdom","GP","Growth previous period","M","Monthly","1993-10","Oct-1993","PC","Percentage","0","Units",,,0,,
"CPALTT01","Consumer prices: all items","GBR","United Kingdom","GP","Growth previous period","M","Monthly","1993-11","Nov-1993","PC","Percentage","0","Units",,,-0.2,,
"CPALTT01","Consumer prices: all items","GBR","United Kingdom","GP","Growth previous period","M","Monthly","1993-12","Dec-1993","PC","Percentage","0","Units",,,0.3,,
"CPALTT01","Consumer prices: all items","GBR","United Kingdom","GP","Growth previous period","M","Monthly","1994-01","Jan-1994","PC","Percentage","0","Units",,,-0.1,,
"CPALTT01","Consumer prices: all items","GBR","United Kingdom","GP","Growth previous period","M","Monthly","1994-02","Feb-1994","PC","Percentage","0","Units",,,0.4,,
"CPALTT01","Consumer prices: all items","GBR","United Kingdom","GP","Growth previous period","M","Monthly","1994-03","Mar-1994","PC","Percentage","0","Units",,,0.3,,
"CPALTT01","Consumer prices: all items","GBR","United Kingdom","GP","Growth previous period","M","Monthly","1994-04","Apr-1994","PC","Percentage","0","Units",,,0.8,,
"CPALTT01","Consumer prices: all items","GBR","United Kingdom","GP","Growth previous period","M","Monthly","1994-05","May-1994","PC","Percentage","0","Units",,,0.2,,
"CPALTT01","Consumer prices: all items","GBR","United Kingdom","GP","Growth previous period","M","Monthly","1994-06","Jun-1994","PC","Percentage","0","Units",,,0,,
"CPALTT01","Consumer prices: all items","GBR","United Kingdom","GP","Growth previous period","M","Monthly","1994-07","Jul-1994","PC","Percentage","0","Units",,,-0.5,,
"CPALTT01","Consumer prices: all items","GBR","United Kingdom","GP","Growth previous period","M","Monthly","1994-08","Aug-1994","PC","Percentage","0","Units",,,0.5,,
"CPALTT01","Consumer prices: all items","GBR","United Kingdom","GP","Growth previous period","M","Monthly","1994-09","Sep-1994","PC","Percentage","0","Units",,,0.2,,
"CPALTT01","Consumer prices: all items","GBR","United Kingdom","GP","Growth previous period","M","Monthly","1994-10","Oct-1994","PC","Percentage","0","Units",,,-0.1,,
"CPALTT01","Consumer prices: all items","GBR","United Kingdom","GP","Growth previous period","M","Monthly","1994-11","Nov-1994","PC","Percentage","0","Units",,,0.2,,
"CPALTT01","Consumer prices: all items","GBR","United Kingdom","GP","Growth previous period","M","Monthly","1994-12","Dec-1994","PC","Percentage","0","Units",,,0.4,,
"CPALTT01","Consumer prices: all items","GBR","United Kingdom","GP","Growth previous period","M","Monthly","1995-01","Jan-1995","PC","Percentage","0","Units",,,0,,
"CPALTT01","Consumer prices: all items","GBR","United Kingdom","GP","Growth previous period","M","Monthly","1995-02","Feb-1995","PC","Percentage","0","Units",,,0.4,,
"CPALTT01","Consumer prices: all items","GBR","United Kingdom","GP","Growth previous period","M","Monthly","1995-03","Mar-1995","PC","Percentage","0","Units",,,0.4,,
"CPALTT01","Consumer prices: all items","GBR","United Kingdom","GP","Growth previous period","M","Monthly","1995-04","Apr-1995","PC","Percentage","0","Units",,,0.6,,
"CPALTT01","Consumer prices: all items","GBR","United Kingdom","GP","Growth previous period","M","Monthly","1995-05","May-1995","PC","Percentage","0","Units",,,0.5,,
"CPALTT01","Consumer prices: all items","GBR","United Kingdom","GP","Growth previous period","M","Monthly","1995-06","Jun-1995","PC","Percentage","0","Units",,,0.1,,
"CPALTT01","Consumer prices: all items","GBR","United Kingdom","GP","Growth previous period","M","Monthly","1995-07","Jul-1995","PC","Percentage","0","Units",,,-0.3,,
"CPALTT01","Consumer prices: all items","GBR","United Kingdom","GP","Growth previous period","M","Monthly","1995-08","Aug-1995","PC","Percentage","0","Units",,,0.4,,
"CPALTT01","Consumer prices: all items","GBR","United Kingdom","GP","Growth previous period","M","Monthly","1995-09","Sep-1995","PC","Percentage","0","Units",,,0.5,,
"CPALTT01","Consumer prices: all items","GBR","United Kingdom","GP","Growth previous period","M","Monthly","1995-10","Oct-1995","PC","Percentage","0","Units",,,-0.1,,
"CPALTT01","Consumer prices: all items","GBR","United Kingdom","GP","Growth previous period","M","Monthly","1995-11","Nov-1995","PC","Percentage","0","Units",,,0,,
"CPALTT01","Consumer prices: all items","GBR","United Kingdom","GP","Growth previous period","M","Monthly","1995-12","Dec-1995","PC","Percentage","0","Units",,,0.6,,
"CPALTT01","Consumer prices: all items","GBR","United Kingdom","GP","Growth previous period","M","Monthly","1996-01","Jan-1996","PC","Percentage","0","Units",,,-0.1,,
"CPALTT01","Consumer prices: all items","GBR","United Kingdom","GP","Growth previous period","M","Monthly","1996-02","Feb-1996","PC","Percentage","0","Units",,,0.5,,
"CPALTT01","Consumer prices: all items","GBR","United Kingdom","GP","Growth previous period","M","Monthly","1996-03","Mar-1996","PC","Percentage","0","Units",,,0.3,,
"CPALTT01","Consumer prices: all items","GBR","United Kingdom","GP","Growth previous period","M","Monthly","1996-04","Apr-1996","PC","Percentage","0","Units",,,0.5,,
"CPALTT01","Consumer prices: all items","GBR","United Kingdom","GP","Growth previous period","M","Monthly","1996-05","May-1996","PC","Percentage","0","Units",,,0.4,,
"CPALTT01","Consumer prices: all items","GBR","United Kingdom","GP","Growth previous period","M","Monthly","1996-06","Jun-1996","PC","Percentage","0","Units",,,0.1,,
"CPALTT01","Consumer prices: all items","GBR","United Kingdom","GP","Growth previous period","M","Monthly","1996-07","Jul-1996","PC","Percentage","0","Units",,,-0.5,,
"CPALTT01","Consumer prices: all items","GBR","United Kingdom","GP","Growth previous period","M","Monthly","1996-08","Aug-1996","PC","Percentage","0","Units",,,0.5,,
"CPALTT01","Consumer prices: all items","GBR","United Kingdom","GP","Growth previous period","M","Monthly","1996-09","Sep-1996","PC","Percentage","0","Units",,,0.5,,
"CPALTT01","Consumer prices: all items","GBR","United Kingdom","GP","Growth previous period","M","Monthly","1996-10","Oct-1996","PC","Percentage","0","Units",,,0.1,,
"CPALTT01","Consumer prices: all items","GBR","United Kingdom","GP","Growth previous period","M","Monthly","1996-11","Nov-1996","PC","Percentage","0","Units",,,0.2,,
"CPALTT01","Consumer prices: all items","GBR","United Kingdom","GP","Growth previous period","M","Monthly","1996-12","Dec-1996","PC","Percentage","0","Units",,,0.3,,
"CPALTT01","Consumer prices: all items","GBR","United Kingdom","GP","Growth previous period","M","Monthly","1997-01","Jan-1997","PC","Percentage","0","Units",,,-0.3,,
"CPALTT01","Consumer prices: all items","GBR","United Kingdom","GP","Growth previous period","M","Monthly","1997-02","Feb-1997","PC","Percentage","0","Units",,,0.2,,
"CPALTT01","Consumer prices: all items","GBR","United Kingdom","GP","Growth previous period","M","Monthly","1997-03","Mar-1997","PC","Percentage","0","Units",,,0.2,,
"CPALTT01","Consumer prices: all items","GBR","United Kingdom","GP","Growth previous period","M","Monthly","1997-04","Apr-1997","PC","Percentage","0","Units",,,0.4,,
"CPALTT01","Consumer prices: all items","GBR","United Kingdom","GP","Growth previous period","M","Monthly","1997-05","May-1997","PC","Percentage","0","Units",,,0.4,,
"CPALTT01","Consumer prices: all items","GBR","United Kingdom","GP","Growth previous period","M","Monthly","1997-06","Jun-1997","PC","Percentage","0","Units",,,0.2,,
"CPALTT01","Consumer prices: all items","GBR","United Kingdom","GP","Growth previous period","M","Monthly","1997-07","Jul-1997","PC","Percentage","0","Units",,,-0.2,,
"CPALTT01","Consumer prices: all items","GBR","United Kingdom","GP","Growth previous period","M","Monthly","1997-08","Aug-1997","PC","Percentage","0","Units",,,0.4,,
"CPALTT01","Consumer prices: all items","GBR","United Kingdom","GP","Growth previous period","M","Monthly","1997-09","Sep-1997","PC","Percentage","0","Units",,,0.3,,
"CPALTT01","Consumer prices: all items","GBR","United Kingdom","GP","Growth previous period","M","Monthly","1997-10","Oct-1997","PC","Percentage","0","Units",,,0.1,,
"CPALTT01","Consumer prices: all items","GBR","United Kingdom","GP","Growth previous period","M","Monthly","1997-11","Nov-1997","PC","Percentage","0","Units",,,0,,
"CPALTT01","Consumer prices: all items","GBR","United Kingdom","GP","Growth previous period","M","Monthly","1997-12","Dec-1997","PC","Percentage","0","Units",,,0.2,,
"CPALTT01","Consumer prices: all items","GBR","United Kingdom","GP","Growth previous period","M","Monthly","1998-01","Jan-1998","PC","Percentage","0","Units",,,-0.5,,
"CPALTT01","Consumer prices: all items","GBR","United Kingdom","GP","Growth previous period","M","Monthly","1998-02","Feb-1998","PC","Percentage","0","Units",,,0.3,,
"CPALTT01","Consumer prices: all items","GBR","United Kingdom","GP","Growth previous period","M","Monthly","1998-03","Mar-1998","PC","Percentage","0","Units",,,0.3,,
"CPALTT01","Consumer prices: all items","GBR","United Kingdom","GP","Growth previous period","M","Monthly","1998-04","Apr-1998","PC","Percentage","0","Units",,,0.6,,
"CPALTT01","Consumer prices: all items","GBR","United Kingdom","GP","Growth previous period","M","Monthly","1998-05","May-1998","PC","Percentage","0","Units",,,0.5,,
"CPALTT01","Consumer prices: all items","GBR","United Kingdom","GP","Growth previous period","M","Monthly","1998-06","Jun-1998","PC","Percentage","0","Units",,,-0.1,,
"CPALTT01","Consumer prices: all items","GBR","United Kingdom","GP","Growth previous period","M","Monthly","1998-07","Jul-1998","PC","Percentage","0","Units",,,-0.4,,
"CPALTT01","Consumer prices: all items","GBR","United Kingdom","GP","Growth previous period","M","Monthly","1998-08","Aug-1998","PC","Percentage","0","Units",,,0.3,,
"CPALTT01","Consumer prices: all items","GBR","United Kingdom","GP","Growth previous period","M","Monthly","1998-09","Sep-1998","PC","Percentage","0","Units",,,0.4,,
"CPALTT01","Consumer prices: all items","GBR","United Kingdom","GP","Growth previous period","M","Monthly","1998-10","Oct-1998","PC","Percentage","0","Units",,,0,,
"CPALTT01","Consumer prices: all items","GBR","United Kingdom","GP","Growth previous period","M","Monthly","1998-11","Nov-1998","PC","Percentage","0","Units",,,0.1,,
"CPALTT01","Consumer prices: all items","GBR","United Kingdom","GP","Growth previous period","M","Monthly","1998-12","Dec-1998","PC","Percentage","0","Units",,,0.3,,
"CPALTT01","Consumer prices: all items","GBR","United Kingdom","GP","Growth previous period","M","Monthly","1999-01","Jan-1999","PC","Percentage","0","Units",,,-0.4,,
"CPALTT01","Consumer prices: all items","GBR","United Kingdom","GP","Growth previous period","M","Monthly","1999-02","Feb-1999","PC","Percentage","0","Units",,,0.2,,
"CPALTT01","Consumer prices: all items","GBR","United Kingdom","GP","Growth previous period","M","Monthly","1999-03","Mar-1999","PC","Percentage","0","Units",,,0.5,,
"CPALTT01","Consumer prices: all items","GBR","United Kingdom","GP","Growth previous period","M","Monthly","1999-04","Apr-1999","PC","Percentage","0","Units",,,0.5,,
"CPALTT01","Consumer prices: all items","GBR","United Kingdom","GP","Growth previous period","M","Monthly","1999-05","May-1999","PC","Percentage","0","Units",,,0.2,,
"CPALTT01","Consumer prices: all items","GBR","United Kingdom","GP","Growth previous period","M","Monthly","1999-06","Jun-1999","PC","Percentage","0","Units",,,-0.1,,
"CPALTT01","Consumer prices: all items","GBR","United Kingdom","GP","Growth previous period","M","Monthly","1999-07","Jul-1999","PC","Percentage","0","Units",,,-0.4,,
"CPALTT01","Consumer prices: all items","GBR","United Kingdom","GP","Growth previous period","M","Monthly","1999-08","Aug-1999","PC","Percentage","0","Units",,,0.3,,
"CPALTT01","Consumer prices: all items","GBR","United Kingdom","GP","Growth previous period","M","Monthly","1999-09","Sep-1999","PC","Percentage","0","Units",,,0.3,,
"CPALTT01","Consumer prices: all items","GBR","United Kingdom","GP","Growth previous period","M","Monthly","1999-10","Oct-1999","PC","Percentage","0","Units",,,-0.1,,
"CPALTT01","Consumer prices: all items","GBR","United Kingdom","GP","Growth previous period","M","Monthly","1999-11","Nov-1999","PC","Percentage","0","Units",,,0.2,,
"CPALTT01","Consumer prices: all items","GBR","United Kingdom","GP","Growth previous period","M","Monthly","1999-12","Dec-1999","PC","Percentage","0","Units",,,0.3,,
"CPALTT01","Consumer prices: all items","GBR","United Kingdom","GP","Growth previous period","M","Monthly","2000-01","Jan-2000","PC","Percentage","0","Units",,,-0.7,,
"CPALTT01","Consumer prices: all items","GBR","United Kingdom","GP","Growth previous period","M","Monthly","2000-02","Feb-2000","PC","Percentage","0","Units",,,0.3,,
"CPALTT01","Consumer prices: all items","GBR","United Kingdom","GP","Growth previous period","M","Monthly","2000-03","Mar-2000","PC","Percentage","0","Units",,,0.2,,
"CPALTT01","Consumer prices: all items","GBR","United Kingdom","GP","Growth previous period","M","Monthly","2000-04","Apr-2000","PC","Percentage","0","Units",,,0.5,,
"CPALTT01","Consumer prices: all items","GBR","United Kingdom","GP","Growth previous period","M","Monthly","2000-05","May-2000","PC","Percentage","0","Units",,,0.3,,
"CPALTT01","Consumer prices: all items","GBR","United Kingdom","GP","Growth previous period","M","Monthly","2000-06","Jun-2000","PC","Percentage","0","Units",,,0.1,,
"CPALTT01","Consumer prices: all items","GBR","United Kingdom","GP","Growth previous period","M","Monthly","2000-07","Jul-2000","PC","Percentage","0","Units",,,-0.4,,
"CPALTT01","Consumer prices: all items","GBR","United Kingdom","GP","Growth previous period","M","Monthly","2000-08","Aug-2000","PC","Percentage","0","Units",,,0,,
"CPALTT01","Consumer prices: all items","GBR","United Kingdom","GP","Growth previous period","M","Monthly","2000-09","Sep-2000","PC","Percentage","0","Units",,,0.6,,
"CPALTT01","Consumer prices: all items","GBR","United Kingdom","GP","Growth previous period","M","Monthly","2000-10","Oct-2000","PC","Percentage","0","Units",,,0,,
"CPALTT01","Consumer prices: all items","GBR","United Kingdom","GP","Growth previous period","M","Monthly","2000-11","Nov-2000","PC","Percentage","0","Units",,,0.3,,
"CPALTT01","Consumer prices: all items","GBR","United Kingdom","GP","Growth previous period","M","Monthly","2000-12","Dec-2000","PC","Percentage","0","Units",,,0,,
"CPALTT01","Consumer prices: all items","GBR","United Kingdom","GP","Growth previous period","M","Monthly","2001-01","Jan-2001","PC","Percentage","0","Units",,,-0.7,,
"CPALTT01","Consumer prices: all items","GBR","United Kingdom","GP","Growth previous period","M","Monthly","2001-02","Feb-2001","PC","Percentage","0","Units",,,0.3,,
"CPALTT01","Consumer prices: all items","GBR","United Kingdom","GP","Growth previous period","M","Monthly","2001-03","Mar-2001","PC","Percentage","0","Units",,,0.3,,
"CPALTT01","Consumer prices: all items","GBR","United Kingdom","GP","Growth previous period","M","Monthly","2001-04","Apr-2001","PC","Percentage","0","Units",,,0.6,,
"CPALTT01","Consumer prices: all items","GBR","United Kingdom","GP","Growth previous period","M","Monthly","2001-05","May-2001","PC","Percentage","0","Units",,,0.6,,
"CPALTT01","Consumer prices: all items","GBR","United Kingdom","GP","Growth previous period","M","Monthly","2001-06","Jun-2001","PC","Percentage","0","Units",,,0.2,,
"CPALTT01","Consumer prices: all items","GBR","United Kingdom","GP","Growth previous period","M","Monthly","2001-07","Jul-2001","PC","Percentage","0","Units",,,-0.6,,
"CPALTT01","Consumer prices: all items","GBR","United Kingdom","GP","Growth previous period","M","Monthly","2001-08","Aug-2001","PC","Percentage","0","Units",,,0.4,,
"CPALTT01","Consumer prices: all items","GBR","United Kingdom","GP","Growth previous period","M","Monthly","2001-09","Sep-2001","PC","Percentage","0","Units",,,0.3,,
"CPALTT01","Consumer prices: all items","GBR","United Kingdom","GP","Growth previous period","M","Monthly","2001-10","Oct-2001","PC","Percentage","0","Units",,,-0.1,,
"CPALTT01","Consumer prices: all items","GBR","United Kingdom","GP","Growth previous period","M","Monthly","2001-11","Nov-2001","PC","Percentage","0","Units",,,-0.1,,
"CPALTT01","Consumer prices: all items","GBR","United Kingdom","GP","Growth previous period","M","Monthly","2001-12","Dec-2001","PC","Percentage","0","Units",,,0.2,,
"CPALTT01","Consumer prices: all items","GBR","United Kingdom","GP","Growth previous period","M","Monthly","2002-01","Jan-2002","PC","Percentage","0","Units",,,-0.2,,
"CPALTT01","Consumer prices: all items","GBR","United Kingdom","GP","Growth previous period","M","Monthly","2002-02","Feb-2002","PC","Percentage","0","Units",,,0.2,,
"CPALTT01","Consumer prices: all items","GBR","United Kingdom","GP","Growth previous period","M","Monthly","2002-03","Mar-2002","PC","Percentage","0","Units",,,0.3,,
"CPALTT01","Consumer prices: all items","GBR","United Kingdom","GP","Growth previous period","M","Monthly","2002-04","Apr-2002","PC","Percentage","0","Units",,,0.6,,
"CPALTT01","Consumer prices: all items","GBR","United Kingdom","GP","Growth previous period","M","Monthly","2002-05","May-2002","PC","Percentage","0","Units",,,0.2,,
"CPALTT01","Consumer prices: all items","GBR","United Kingdom","GP","Growth previous period","M","Monthly","2002-06","Jun-2002","PC","Percentage","0","Units",,,0,,
"CPALTT01","Consumer prices: all items","GBR","United Kingdom","GP","Growth previous period","M","Monthly","2002-07","Jul-2002","PC","Percentage","0","Units",,,-0.3,,
"CPALTT01","Consumer prices: all items","GBR","United Kingdom","GP","Growth previous period","M","Monthly","2002-08","Aug-2002","PC","Percentage","0","Units",,,0.2,,
"CPALTT01","Consumer prices: all items","GBR","United Kingdom","GP","Growth previous period","M","Monthly","2002-09","Sep-2002","PC","Percentage","0","Units",,,0.2,,
"CPALTT01","Consumer prices: all items","GBR","United Kingdom","GP","Growth previous period","M","Monthly","2002-10","Oct-2002","PC","Percentage","0","Units",,,0.2,,
"CPALTT01","Consumer prices: all items","GBR","United Kingdom","GP","Growth previous period","M","Monthly","2002-11","Nov-2002","PC","Percentage","0","Units",,,0,,
"CPALTT01","Consumer prices: all items","GBR","United Kingdom","GP","Growth previous period","M","Monthly","2002-12","Dec-2002","PC","Percentage","0","Units",,,0.3,,
"CPALTT01","Consumer prices: all items","GBR","United Kingdom","GP","Growth previous period","M","Monthly","2003-01","Jan-2003","PC","Percentage","0","Units",,,-0.5,,
"CPALTT01","Consumer prices: all items","GBR","United Kingdom","GP","Growth previous period","M","Monthly","2003-02","Feb-2003","PC","Percentage","0","Units",,,0.3,,
"CPALTT01","Consumer prices: all items","GBR","United Kingdom","GP","Growth previous period","M","Monthly","2003-03","Mar-2003","PC","Percentage","0","Units",,,0.3,,
"CPALTT01","Consumer prices: all items","GBR","United Kingdom","GP","Growth previous period","M","Monthly","2003-04","Apr-2003","PC","Percentage","0","Units",,,0.5,,
"CPALTT01","Consumer prices: all items","GBR","United Kingdom","GP","Growth previous period","M","Monthly","2003-05","May-2003","PC","Percentage","0","Units",,,0,,
"CPALTT01","Consumer prices: all items","GBR","United Kingdom","GP","Growth previous period","M","Monthly","2003-06","Jun-2003","PC","Percentage","0","Units",,,-0.2,,
"CPALTT01","Consumer prices: all items","GBR","United Kingdom","GP","Growth previous period","M","Monthly","2003-07","Jul-2003","PC","Percentage","0","Units",,,-0.1,,
"CPALTT01","Consumer prices: all items","GBR","United Kingdom","GP","Growth previous period","M","Monthly","2003-08","Aug-2003","PC","Percentage","0","Units",,,0.3,,
"CPALTT01","Consumer prices: all items","GBR","United Kingdom","GP","Growth previous period","M","Monthly","2003-09","Sep-2003","PC","Percentage","0","Units",,,0.2,,
"CPALTT01","Consumer prices: all items","GBR","United Kingdom","GP","Growth previous period","M","Monthly","2003-10","Oct-2003","PC","Percentage","0","Units",,,0.1,,
"CPALTT01","Consumer prices: all items","GBR","United Kingdom","GP","Growth previous period","M","Monthly","2003-11","Nov-2003","PC","Percentage","0","Units",,,0,,
"CPALTT01","Consumer prices: all items","GBR","United Kingdom","GP","Growth previous period","M","Monthly","2003-12","Dec-2003","PC","Percentage","0","Units",,,0.3,,
"CPALTT01","Consumer prices: all items","GBR","United Kingdom","GP","Growth previous period","M","Monthly","2004-01","Jan-2004","PC","Percentage","0","Units",,,-0.3,,
"CPALTT01","Consumer prices: all items","GBR","United Kingdom","GP","Growth previous period","M","Monthly","2004-02","Feb-2004","PC","Percentage","0","Units",,,0.2,,
"CPALTT01","Consumer prices: all items","GBR","United Kingdom","GP","Growth previous period","M","Monthly","2004-03","Mar-2004","PC","Percentage","0","Units",,,0.1,,
"CPALTT01","Consumer prices: all items","GBR","United Kingdom","GP","Growth previous period","M","Monthly","2004-04","Apr-2004","PC","Percentage","0","Units",,,0.5,,
"CPALTT01","Consumer prices: all items","GBR","United Kingdom","GP","Growth previous period","M","Monthly","2004-05","May-2004","PC","Percentage","0","Units",,,0.3,,
"CPALTT01","Consumer prices: all items","GBR","United Kingdom","GP","Growth previous period","M","Monthly","2004-06","Jun-2004","PC","Percentage","0","Units",,,0,,
"CPALTT01","Consumer prices: all items","GBR","United Kingdom","GP","Growth previous period","M","Monthly","2004-07","Jul-2004","PC","Percentage","0","Units",,,-0.2,,
"CPALTT01","Consumer prices: all items","GBR","United Kingdom","GP","Growth previous period","M","Monthly","2004-08","Aug-2004","PC","Percentage","0","Units",,,0.2,,
"CPALTT01","Consumer prices: all items","GBR","United Kingdom","GP","Growth previous period","M","Monthly","2004-09","Sep-2004","PC","Percentage","0","Units",,,0.1,,
"CPALTT01","Consumer prices: all items","GBR","United Kingdom","GP","Growth previous period","M","Monthly","2004-10","Oct-2004","PC","Percentage","0","Units",,,0.3,,
"CPALTT01","Consumer prices: all items","GBR","United Kingdom","GP","Growth previous period","M","Monthly","2004-11","Nov-2004","PC","Percentage","0","Units",,,0.2,,
"CPALTT01","Consumer prices: all items","GBR","United Kingdom","GP","Growth previous period","M","Monthly","2004-12","Dec-2004","PC","Percentage","0","Units",,,0.5,,
"CPALTT01","Consumer prices: all items","GBR","United Kingdom","GP","Growth previous period","M","Monthly","2005-01","Jan-2005","PC","Percentage","0","Units",,,-0.4,,
"CPALTT01","Consumer prices: all items","GBR","United Kingdom","GP","Growth previous period","M","Monthly","2005-02","Feb-2005","PC","Percentage","0","Units",,,0.2,,
"CPALTT01","Consumer prices: all items","GBR","United Kingdom","GP","Growth previous period","M","Monthly","2005-03","Mar-2005","PC","Percentage","0","Units",,,0.4,,
"CPALTT01","Consumer prices: all items","GBR","United Kingdom","GP","Growth previous period","M","Monthly","2005-04","Apr-2005","PC","Percentage","0","Units",,,0.4,,
"CPALTT01","Consumer prices: all items","GBR","United Kingdom","GP","Growth previous period","M","Monthly","2005-05","May-2005","PC","Percentage","0","Units",,,0.3,,
"CPALTT01","Consumer prices: all items","GBR","United Kingdom","GP","Growth previous period","M","Monthly","2005-06","Jun-2005","PC","Percentage","0","Units",,,0.1,,
"CPALTT01","Consumer prices: all items","GBR","United Kingdom","GP","Growth previous period","M","Monthly","2005-07","Jul-2005","PC","Percentage","0","Units",,,0.1,,
"CPALTT01","Consumer prices: all items","GBR","United Kingdom","GP","Growth previous period","M","Monthly","2005-08","Aug-2005","PC","Percentage","0","Units",,,0.3,,
"CPALTT01","Consumer prices: all items","GBR","United Kingdom","GP","Growth previous period","M","Monthly","2005-09","Sep-2005","PC","Percentage","0","Units",,,0.2,,
"CPALTT01","Consumer prices: all items","GBR","United Kingdom","GP","Growth previous period","M","Monthly","2005-10","Oct-2005","PC","Percentage","0","Units",,,0.2,,
"CPALTT01","Consumer prices: all items","GBR","United Kingdom","GP","Growth previous period","M","Monthly","2005-11","Nov-2005","PC","Percentage","0","Units",,,0,,
"CPALTT01","Consumer prices: all items","GBR","United Kingdom","GP","Growth previous period","M","Monthly","2005-12","Dec-2005","PC","Percentage","0","Units",,,0.3,,
"CPALTT01","Consumer prices: all items","GBR","United Kingdom","GP","Growth previous period","M","Monthly","2006-01","Jan-2006","PC","Percentage","0","Units",,,-0.3,,
"CPALTT01","Consumer prices: all items","GBR","United Kingdom","GP","Growth previous period","M","Monthly","2006-02","Feb-2006","PC","Percentage","0","Units",,,0.3,,
"CPALTT01","Consumer prices: all items","GBR","United Kingdom","GP","Growth previous period","M","Monthly","2006-03","Mar-2006","PC","Percentage","0","Units",,,0.2,,
"CPALTT01","Consumer prices: all items","GBR","United Kingdom","GP","Growth previous period","M","Monthly","2006-04","Apr-2006","PC","Percentage","0","Units",,,0.6,,
"CPALTT01","Consumer prices: all items","GBR","United Kingdom","GP","Growth previous period","M","Monthly","2006-05","May-2006","PC","Percentage","0","Units",,,0.5,,
"CPALTT01","Consumer prices: all items","GBR","United Kingdom","GP","Growth previous period","M","Monthly","2006-06","Jun-2006","PC","Percentage","0","Units",,,0.3,,
"CPALTT01","Consumer prices: all items","GBR","United Kingdom","GP","Growth previous period","M","Monthly","2006-07","Jul-2006","PC","Percentage","0","Units",,,0,,
"CPALTT01","Consumer prices: all items","GBR","United Kingdom","GP","Growth previous period","M","Monthly","2006-08","Aug-2006","PC","Percentage","0","Units",,,0.4,,
"CPALTT01","Consumer prices: all items","GBR","United Kingdom","GP","Growth previous period","M","Monthly","2006-09","Sep-2006","PC","Percentage","0","Units",,,0.1,,
"CPALTT01","Consumer prices: all items","GBR","United Kingdom","GP","Growth previous period","M","Monthly","2006-10","Oct-2006","PC","Percentage","0","Units",,,0.2,,
"CPALTT01","Consumer prices: all items","GBR","United Kingdom","GP","Growth previous period","M","Monthly","2006-11","Nov-2006","PC","Percentage","0","Units",,,0.3,,
"CPALTT01","Consumer prices: all items","GBR","United Kingdom","GP","Growth previous period","M","Monthly","2006-12","Dec-2006","PC","Percentage","0","Units",,,0.5,,
"CPALTT01","Consumer prices: all items","GBR","United Kingdom","GP","Growth previous period","M","Monthly","2007-01","Jan-2007","PC","Percentage","0","Units",,,-0.6,,
"CPALTT01","Consumer prices: all items","GBR","United Kingdom","GP","Growth previous period","M","Monthly","2007-02","Feb-2007","PC","Percentage","0","Units",,,0.3,,
"CPALTT01","Consumer prices: all items","GBR","United Kingdom","GP","Growth previous period","M","Monthly","2007-03","Mar-2007","PC","Percentage","0","Units",,,0.4,,
"CPALTT01","Consumer prices: all items","GBR","United Kingdom","GP","Growth previous period","M","Monthly","2007-04","Apr-2007","PC","Percentage","0","Units",,,0.4,,
"CPALTT01","Consumer prices: all items","GBR","United Kingdom","GP","Growth previous period","M","Monthly","2007-05","May-2007","PC","Percentage","0","Units",,,0.3,,
"CPALTT01","Consumer prices: all items","GBR","United Kingdom","GP","Growth previous period","M","Monthly","2007-06","Jun-2007","PC","Percentage","0","Units",,,0.2,,
"CPALTT01","Consumer prices: all items","GBR","United Kingdom","GP","Growth previous period","M","Monthly","2007-07","Jul-2007","PC","Percentage","0","Units",,,-0.5,,
"CPALTT01","Consumer prices: all items","GBR","United Kingdom","GP","Growth previous period","M","Monthly","2007-08","Aug-2007","PC","Percentage","0","Units",,,0.4,,
"CPALTT01","Consumer prices: all items","GBR","United Kingdom","GP","Growth previous period","M","Monthly","2007-09","Sep-2007","PC","Percentage","0","Units",,,0.1,,
"CPALTT01","Consumer prices: all items","GBR","United Kingdom","GP","Growth previous period","M","Monthly","2007-10","Oct-2007","PC","Percentage","0","Units",,,0.4,,
"CPALTT01","Consumer prices: all items","GBR","United Kingdom","GP","Growth previous period","M","Monthly","2007-11","Nov-2007","PC","Percentage","0","Units",,,0.3,,
"CPALTT01","Consumer prices: all items","GBR","United Kingdom","GP","Growth previous period","M","Monthly","2007-12","Dec-2007","PC","Percentage","0","Units",,,0.5,,
"CPALTT01","Consumer prices: all items","GBR","United Kingdom","GP","Growth previous period","M","Monthly","2008-01","Jan-2008","PC","Percentage","0","Units",,,-0.5,,
"CPALTT01","Consumer prices: all items","GBR","United Kingdom","GP","Growth previous period","M","Monthly","2008-02","Feb-2008","PC","Percentage","0","Units",,,0.6,,
"CPALTT01","Consumer prices: all items","GBR","United Kingdom","GP","Growth previous period","M","Monthly","2008-03","Mar-2008","PC","Percentage","0","Units",,,0.4,,
"CPALTT01","Consumer prices: all items","GBR","United Kingdom","GP","Growth previous period","M","Monthly","2008-04","Apr-2008","PC","Percentage","0","Units",,,0.8,,
"CPALTT01","Consumer prices: all items","GBR","United Kingdom","GP","Growth previous period","M","Monthly","2008-05","May-2008","PC","Percentage","0","Units",,,0.6,,
"CPALTT01","Consumer prices: all items","GBR","United Kingdom","GP","Growth previous period","M","Monthly","2008-06","Jun-2008","PC","Percentage","0","Units",,,0.6,,
"CPALTT01","Consumer prices: all items","GBR","United Kingdom","GP","Growth previous period","M","Monthly","2008-07","Jul-2008","PC","Percentage","0","Units",,,0,,
"CPALTT01","Consumer prices: all items","GBR","United Kingdom","GP","Growth previous period","M","Monthly","2008-08","Aug-2008","PC","Percentage","0","Units",,,0.5,,
"CPALTT01","Consumer prices: all items","GBR","United Kingdom","GP","Growth previous period","M","Monthly","2008-09","Sep-2008","PC","Percentage","0","Units",,,0.4,,
"CPALTT01","Consumer prices: all items","GBR","United Kingdom","GP","Growth previous period","M","Monthly","2008-10","Oct-2008","PC","Percentage","0","Units",,,-0.2,,
"CPALTT01","Consumer prices: all items","GBR","United Kingdom","GP","Growth previous period","M","Monthly","2008-11","Nov-2008","PC","Percentage","0","Units",,,0,,
"CPALTT01","Consumer prices: all items","GBR","United Kingdom","GP","Growth previous period","M","Monthly","2008-12","Dec-2008","PC","Percentage","0","Units",,,-0.3,,
"CPALTT01","Consumer prices: all items","GBR","United Kingdom","GP","Growth previous period","M","Monthly","2009-01","Jan-2009","PC","Percentage","0","Units",,,-0.6,,
"CPALTT01","Consumer prices: all items","GBR","United Kingdom","GP","Growth previous period","M","Monthly","2009-02","Feb-2009","PC","Percentage","0","Units",,,0.7,,
"CPALTT01","Consumer prices: all items","GBR","United Kingdom","GP","Growth previous period","M","Monthly","2009-03","Mar-2009","PC","Percentage","0","Units",,,0.1,,
"CPALTT01","Consumer prices: all items","GBR","United Kingdom","GP","Growth previous period","M","Monthly","2009-04","Apr-2009","PC","Percentage","0","Units",,,0.3,,
"CPALTT01","Consumer prices: all items","GBR","United Kingdom","GP","Growth previous period","M","Monthly","2009-05","May-2009","PC","Percentage","0","Units",,,0.4,,
"CPALTT01","Consumer prices: all items","GBR","United Kingdom","GP","Growth previous period","M","Monthly","2009-06","Jun-2009","PC","Percentage","0","Units",,,0.2,,
"CPALTT01","Consumer prices: all items","GBR","United Kingdom","GP","Growth previous period","M","Monthly","2009-07","Jul-2009","PC","Percentage","0","Units",,,0,,
"CPALTT01","Consumer prices: all items","GBR","United Kingdom","GP","Growth previous period","M","Monthly","2009-08","Aug-2009","PC","Percentage","0","Units",,,0.3,,
"CPALTT01","Consumer prices: all items","GBR","United Kingdom","GP","Growth previous period","M","Monthly","2009-09","Sep-2009","PC","Percentage","0","Units",,,0,,
"CPALTT01","Consumer prices: all items","GBR","United Kingdom","GP","Growth previous period","M","Monthly","2009-10","Oct-2009","PC","Percentage","0","Units",,,0.1,,
"CPALTT01","Consumer prices: all items","GBR","United Kingdom","GP","Growth previous period","M","Monthly","2009-11","Nov-2009","PC","Percentage","0","Units",,,0.2,,
"CPALTT01","Consumer prices: all items","GBR","United Kingdom","GP","Growth previous period","M","Monthly","2009-12","Dec-2009","PC","Percentage","0","Units",,,0.4,,
"CPALTT01","Consumer prices: all items","GBR","United Kingdom","GP","Growth previous period","M","Monthly","2010-01","Jan-2010","PC","Percentage","0","Units",,,-0.2,,
"CPALTT01","Consumer prices: all items","GBR","United Kingdom","GP","Growth previous period","M","Monthly","2010-02","Feb-2010","PC","Percentage","0","Units",,,0.3,,
"CPALTT01","Consumer prices: all items","GBR","United Kingdom","GP","Growth previous period","M","Monthly","2010-03","Mar-2010","PC","Percentage","0","Units",,,0.4,,
"CPALTT01","Consumer prices: all items","GBR","United Kingdom","GP","Growth previous period","M","Monthly","2010-04","Apr-2010","PC","Percentage","0","Units",,,0.5,,
"CPALTT01","Consumer prices: all items","GBR","United Kingdom","GP","Growth previous period","M","Monthly","2010-05","May-2010","PC","Percentage","0","Units",,,0.2,,
"CPALTT01","Consumer prices: all items","GBR","United Kingdom","GP","Growth previous period","M","Monthly","2010-06","Jun-2010","PC","Percentage","0","Units",,,0.1,,
"CPALTT01","Consumer prices: all items","GBR","United Kingdom","GP","Growth previous period","M","Monthly","2010-07","Jul-2010","PC","Percentage","0","Units",,,-0.2,,
"CPALTT01","Consumer prices: all items","GBR","United Kingdom","GP","Growth previous period","M","Monthly","2010-08","Aug-2010","PC","Percentage","0","Units",,,0.4,,
"CPALTT01","Consumer prices: all items","GBR","United Kingdom","GP","Growth previous period","M","Monthly","2010-09","Sep-2010","PC","Percentage","0","Units",,,0,,
"CPALTT01","Consumer prices: all items","GBR","United Kingdom","GP","Growth previous period","M","Monthly","2010-10","Oct-2010","PC","Percentage","0","Units",,,0.2,,
"CPALTT01","Consumer prices: all items","GBR","United Kingdom","GP","Growth previous period","M","Monthly","2010-11","Nov-2010","PC","Percentage","0","Units",,,0.3,,
"CPALTT01","Consumer prices: all items","GBR","United Kingdom","GP","Growth previous period","M","Monthly","2010-12","Dec-2010","PC","Percentage","0","Units",,,0.8,,
"CPALTT01","Consumer prices: all items","GBR","United Kingdom","GP","Growth previous period","M","Monthly","2011-01","Jan-2011","PC","Percentage","0","Units",,,0.1,,
"CPALTT01","Consumer prices: all items","GBR","United Kingdom","GP","Growth previous period","M","Monthly","2011-02","Feb-2011","PC","Percentage","0","Units",,,0.6,,
"CPALTT01","Consumer prices: all items","GBR","United Kingdom","GP","Growth previous period","M","Monthly","2011-03","Mar-2011","PC","Percentage","0","Units",,,0.3,,
"CPALTT01","Consumer prices: all items","GBR","United Kingdom","GP","Growth previous period","M","Monthly","2011-04","Apr-2011","PC","Percentage","0","Units",,,0.8,,
"CPALTT01","Consumer prices: all items","GBR","United Kingdom","GP","Growth previous period","M","Monthly","2011-05","May-2011","PC","Percentage","0","Units",,,0.2,,
"CPALTT01","Consumer prices: all items","GBR","United Kingdom","GP","Growth previous period","M","Monthly","2011-06","Jun-2011","PC","Percentage","0","Units",,,-0.1,,
"CPALTT01","Consumer prices: all items","GBR","United Kingdom","GP","Growth previous period","M","Monthly","2011-07","Jul-2011","PC","Percentage","0","Units",,,0,,
"CPALTT01","Consumer prices: all items","GBR","United Kingdom","GP","Growth previous period","M","Monthly","2011-08","Aug-2011","PC","Percentage","0","Units",,,0.5,,
"CPALTT01","Consumer prices: all items","GBR","United Kingdom","GP","Growth previous period","M","Monthly","2011-09","Sep-2011","PC","Percentage","0","Units",,,0.6,,
"CPALTT01","Consumer prices: all items","GBR","United Kingdom","GP","Growth previous period","M","Monthly","2011-10","Oct-2011","PC","Percentage","0","Units",,,0.1,,
"CPALTT01","Consumer prices: all items","GBR","United Kingdom","GP","Growth previous period","M","Monthly","2011-11","Nov-2011","PC","Percentage","0","Units",,,0.1,,
"CPALTT01","Consumer prices: all items","GBR","United Kingdom","GP","Growth previous period","M","Monthly","2011-12","Dec-2011","PC","Percentage","0","Units",,,0.4,,
"CPALTT01","Consumer prices: all items","GBR","United Kingdom","GP","Growth previous period","M","Monthly","2012-01","Jan-2012","PC","Percentage","0","Units",,,-0.4,,
"CPALTT01","Consumer prices: all items","GBR","United Kingdom","GP","Growth previous period","M","Monthly","2012-02","Feb-2012","PC","Percentage","0","Units",,,0.5,,
"CPALTT01","Consumer prices: all items","GBR","United Kingdom","GP","Growth previous period","M","Monthly","2012-03","Mar-2012","PC","Percentage","0","Units",,,0.3,,
"CPALTT01","Consumer prices: all items","GBR","United Kingdom","GP","Growth previous period","M","Monthly","2012-04","Apr-2012","PC","Percentage","0","Units",,,0.5,,
"CPALTT01","Consumer prices: all items","GBR","United Kingdom","GP","Growth previous period","M","Monthly","2012-05","May-2012","PC","Percentage","0","Units",,,0,,
"CPALTT01","Consumer prices: all items","GBR","United Kingdom","GP","Growth previous period","M","Monthly","2012-06","Jun-2012","PC","Percentage","0","Units",,,-0.3,,
"CPALTT01","Consumer prices: all items","GBR","United Kingdom","GP","Growth previous period","M","Monthly","2012-07","Jul-2012","PC","Percentage","0","Units",,,0.1,,
"CPALTT01","Consumer prices: all items","GBR","United Kingdom","GP","Growth previous period","M","Monthly","2012-08","Aug-2012","PC","Percentage","0","Units",,,0.4,,
"CPALTT01","Consumer prices: all items","GBR","United Kingdom","GP","Growth previous period","M","Monthly","2012-09","Sep-2012","PC","Percentage","0","Units",,,0.4,,
"CPALTT01","Consumer prices: all items","GBR","United Kingdom","GP","Growth previous period","M","Monthly","2012-10","Oct-2012","PC","Percentage","0","Units",,,0.4,,
"CPALTT01","Consumer prices: all items","GBR","United Kingdom","GP","Growth previous period","M","Monthly","2012-11","Nov-2012","PC","Percentage","0","Units",,,0.1,,
"CPALTT01","Consumer prices: all items","GBR","United Kingdom","GP","Growth previous period","M","Monthly","2012-12","Dec-2012","PC","Percentage","0","Units",,,0.4,,
"CPALTT01","Consumer prices: all items","GBR","United Kingdom","GP","Growth previous period","M","Monthly","2013-01","Jan-2013","PC","Percentage","0","Units",,,-0.4,,
"CPALTT01","Consumer prices: all items","GBR","United Kingdom","GP","Growth previous period","M","Monthly","2013-02","Feb-2013","PC","Percentage","0","Units",,,0.6,,
"CPALTT01","Consumer prices: all items","GBR","United Kingdom","GP","Growth previous period","M","Monthly","2013-03","Mar-2013","PC","Percentage","0","Units",,,0.3,,
"CPALTT01","Consumer prices: all items","GBR","United Kingdom","GP","Growth previous period","M","Monthly","2013-04","Apr-2013","PC","Percentage","0","Units",,,0.2,,
"CPALTT01","Consumer prices: all items","GBR","United Kingdom","GP","Growth previous period","M","Monthly","2013-05","May-2013","PC","Percentage","0","Units",,,0.2,,
"CPALTT01","Consumer prices: all items","GBR","United Kingdom","GP","Growth previous period","M","Monthly","2013-06","Jun-2013","PC","Percentage","0","Units",,,-0.1,,
"CPALTT01","Consumer prices: all items","GBR","United Kingdom","GP","Growth previous period","M","Monthly","2013-07","Jul-2013","PC","Percentage","0","Units",,,0,,
"CPALTT01","Consumer prices: all items","GBR","United Kingdom","GP","Growth previous period","M","Monthly","2013-08","Aug-2013","PC","Percentage","0","Units",,,0.4,,
"CPALTT01","Consumer prices: all items","GBR","United Kingdom","GP","Growth previous period","M","Monthly","2013-09","Sep-2013","PC","Percentage","0","Units",,,0.3,,
"CPALTT01","Consumer prices: all items","GBR","United Kingdom","GP","Growth previous period","M","Monthly","2013-10","Oct-2013","PC","Percentage","0","Units",,,0.1,,
"CPALTT01","Consumer prices: all items","GBR","United Kingdom","GP","Growth previous period","M","Monthly","2013-11","Nov-2013","PC","Percentage","0","Units",,,0.1,,
"CPALTT01","Consumer prices: all items","GBR","United Kingdom","GP","Growth previous period","M","Monthly","2013-12","Dec-2013","PC","Percentage","0","Units",,,0.4,,
"CPALTT01","Consumer prices: all items","GBR","United Kingdom","GP","Growth previous period","M","Monthly","2014-01","Jan-2014","PC","Percentage","0","Units",,,-0.5,,
"CPALTT01","Consumer prices: all items","GBR","United Kingdom","GP","Growth previous period","M","Monthly","2014-02","Feb-2014","PC","Percentage","0","Units",,,0.4,,
"CPALTT01","Consumer prices: all items","GBR","United Kingdom","GP","Growth previous period","M","Monthly","2014-03","Mar-2014","PC","Percentage","0","Units",,,0.2,,
"CPALTT01","Consumer prices: all items","GBR","United Kingdom","GP","Growth previous period","M","Monthly","2014-04","Apr-2014","PC","Percentage","0","Units",,,0.3,,
"CPALTT01","Consumer prices: all items","GBR","United Kingdom","GP","Growth previous period","M","Monthly","2014-05","May-2014","PC","Percentage","0","Units",,,0,,
"CPALTT01","Consumer prices: all items","GBR","United Kingdom","GP","Growth previous period","M","Monthly","2014-06","Jun-2014","PC","Percentage","0","Units",,,0.2,,
"CPALTT01","Consumer prices: all items","GBR","United Kingdom","GP","Growth previous period","M","Monthly","2014-07","Jul-2014","PC","Percentage","0","Units",,,-0.2,,
"CPALTT01","Consumer prices: all items","GBR","United Kingdom","GP","Growth previous period","M","Monthly","2014-08","Aug-2014","PC","Percentage","0","Units",,,0.3,,
"CPALTT01","Consumer prices: all items","GBR","United Kingdom","GP","Growth previous period","M","Monthly","2014-09","Sep-2014","PC","Percentage","0","Units",,,0,,
"CPALTT01","Consumer prices: all items","GBR","United Kingdom","GP","Growth previous period","M","Monthly","2014-10","Oct-2014","PC","Percentage","0","Units",,,0.1,,
"CPALTT01","Consumer prices: all items","GBR","United Kingdom","GP","Growth previous period","M","Monthly","2014-11","Nov-2014","PC","Percentage","0","Units",,,-0.2,,
"CPALTT01","Consumer prices: all items","GBR","United Kingdom","GP","Growth previous period","M","Monthly","2014-12","Dec-2014","PC","Percentage","0","Units",,,0,,
"CPALTT01","Consumer prices: all items","GBR","United Kingdom","GP","Growth previous period","M","Monthly","2015-01","Jan-2015","PC","Percentage","0","Units",,,-0.7,,
"CPALTT01","Consumer prices: all items","GBR","United Kingdom","GP","Growth previous period","M","Monthly","2015-02","Feb-2015","PC","Percentage","0","Units",,,0.2,,
"CPALTT01","Consumer prices: all items","GBR","United Kingdom","GP","Growth previous period","M","Monthly","2015-03","Mar-2015","PC","Percentage","0","Units",,,0.2,,
"CPALTT01","Consumer prices: all items","GBR","United Kingdom","GP","Growth previous period","M","Monthly","2015-04","Apr-2015","PC","Percentage","0","Units",,,0.3,,
"CPALTT01","Consumer prices: all items","GBR","United Kingdom","GP","Growth previous period","M","Monthly","2015-05","May-2015","PC","Percentage","0","Units",,,0.2,,
"CPALTT01","Consumer prices: all items","GBR","United Kingdom","GP","Growth previous period","M","Monthly","2015-06","Jun-2015","PC","Percentage","0","Units",,,0.1,,
"CPALTT01","Consumer prices: all items","GBR","United Kingdom","GP","Growth previous period","M","Monthly","2015-07","Jul-2015","PC","Percentage","0","Units",,,-0.1,,
"CPALTT01","Consumer prices: all items","GBR","United Kingdom","GP","Growth previous period","M","Monthly","2015-08","Aug-2015","PC","Percentage","0","Units",,,0.2,,
"CPALTT01","Consumer prices: all items","GBR","United Kingdom","GP","Growth previous period","M","Monthly","2015-09","Sep-2015","PC","Percentage","0","Units",,,-0.1,,
"CPALTT01","Consumer prices: all items","GBR","United Kingdom","GP","Growth previous period","M","Monthly","2015-10","Oct-2015","PC","Percentage","0","Units",,,0.1,,
"CPALTT01","Consumer prices: all items","GBR","United Kingdom","GP","Growth previous period","M","Monthly","2015-11","Nov-2015","PC","Percentage","0","Units",,,0,,
"CPALTT01","Consumer prices: all items","GBR","United Kingdom","GP","Growth previous period","M","Monthly","2015-12","Dec-2015","PC","Percentage","0","Units",,,0.1,,
"CPALTT01","Consumer prices: all items","GBR","United Kingdom","GP","Growth previous period","M","Monthly","2016-01","Jan-2016","PC","Percentage","0","Units",,,-0.6,,
"CPALTT01","Consumer prices: all items","GBR","United Kingdom","GP","Growth previous period","M","Monthly","2016-02","Feb-2016","PC","Percentage","0","Units",,,0.2,,
"CPALTT01","Consumer prices: all items","GBR","United Kingdom","GP","Growth previous period","M","Monthly","2016-03","Mar-2016","PC","Percentage","0","Units",,,0.3,,
"CPALTT01","Consumer prices: all items","GBR","United Kingdom","GP","Growth previous period","M","Monthly","2016-04","Apr-2016","PC","Percentage","0","Units",,,0.2,,
"CPALTT01","Consumer prices: all items","GBR","United Kingdom","GP","Growth previous period","M","Monthly","2016-05","May-2016","PC","Percentage","0","Units",,,0.2,,
"CPALTT01","Consumer prices: all items","GBR","United Kingdom","GP","Growth previous period","M","Monthly","2016-06","Jun-2016","PC","Percentage","0","Units",,,0.2,,
"CPALTT01","Consumer prices: all items","GBR","United Kingdom","GP","Growth previous period","M","Monthly","2016-07","Jul-2016","PC","Percentage","0","Units",,,0,,
"CPALTT01","Consumer prices: all items","GBR","United Kingdom","GP","Growth previous period","M","Monthly","2016-08","Aug-2016","PC","Percentage","0","Units",,,0.3,,
"CPALTT01","Consumer prices: all items","GBR","United Kingdom","GP","Growth previous period","M","Monthly","2016-09","Sep-2016","PC","Percentage","0","Units",,,0.2,,
"CPALTT01","Consumer prices: all items","GBR","United Kingdom","GP","Growth previous period","M","Monthly","2016-10","Oct-2016","PC","Percentage","0","Units",,,0.1,,
"CPALTT01","Consumer prices: all items","GBR","United Kingdom","GP","Growth previous period","M","Monthly","2016-11","Nov-2016","PC","Percentage","0","Units",,,0.2,,
"CPALTT01","Consumer prices: all items","GBR","United Kingdom","GP","Growth previous period","M","Monthly","2016-12","Dec-2016","PC","Percentage","0","Units",,,0.4,,
"CPALTT01","Consumer prices: all items","GBR","United Kingdom","GP","Growth previous period","M","Monthly","2017-01","Jan-2017","PC","Percentage","0","Units",,,-0.4,,
"CPALTT01","Consumer prices: all items","GBR","United Kingdom","GP","Growth previous period","M","Monthly","2017-02","Feb-2017","PC","Percentage","0","Units",,,0.6,,
"CPALTT01","Consumer prices: all items","GBR","United Kingdom","GP","Growth previous period","M","Monthly","2017-03","Mar-2017","PC","Percentage","0","Units",,,0.3,,
"CPALTT01","Consumer prices: all items","GBR","United Kingdom","GP","Growth previous period","M","Monthly","2017-04","Apr-2017","PC","Percentage","0","Units",,,0.5,,
"CPALTT01","Consumer prices: all items","GBR","United Kingdom","GP","Growth previous period","M","Monthly","2017-05","May-2017","PC","Percentage","0","Units",,,0.3,,
"CPALTT01","Consumer prices: all items","GBR","United Kingdom","GP","Growth previous period","M","Monthly","2017-06","Jun-2017","PC","Percentage","0","Units",,,0,,
"CPALTT01","Consumer prices: all items","GBR","United Kingdom","GP","Growth previous period","M","Monthly","2017-07","Jul-2017","PC","Percentage","0","Units",,,0,,
"CPALTT01","Consumer prices: all items","GBR","United Kingdom","GP","Growth previous period","M","Monthly","2017-08","Aug-2017","PC","Percentage","0","Units",,,0.5,,
"CPALTT01","Consumer prices: all items","GBR","United Kingdom","GP","Growth previous period","M","Monthly","2017-09","Sep-2017","PC","Percentage","0","Units",,,0.3,,
"CPALTT01","Consumer prices: all items","GBR","United Kingdom","GP","Growth previous period","M","Monthly","2017-10","Oct-2017","PC","Percentage","0","Units",,,0.1,,
"CPALTT01","Consumer prices: all items","GBR","United Kingdom","GP","Growth previous period","M","Monthly","2017-11","Nov-2017","PC","Percentage","0","Units",,,0.3,,
"CPALTT01","Consumer prices: all items","GBR","United Kingdom","GP","Growth previous period","M","Monthly","2017-12","Dec-2017","PC","Percentage","0","Units",,,0.3,,
"CPALTT01","Consumer prices: all items","GBR","United Kingdom","GP","Growth previous period","M","Monthly","2018-01","Jan-2018","PC","Percentage","0","Units",,,-0.4,,
"CPALTT01","Consumer prices: all items","GBR","United Kingdom","GP","Growth previous period","M","Monthly","2018-02","Feb-2018","PC","Percentage","0","Units",,,0.4,,
"CPALTT01","Consumer prices: all items","GBR","United Kingdom","GP","Growth previous period","M","Monthly","2018-03","Mar-2018","PC","Percentage","0","Units",,,0.1,,
"CPALTT01","Consumer prices: all items","GBR","United Kingdom","GP","Growth previous period","M","Monthly","2018-04","Apr-2018","PC","Percentage","0","Units",,,0.4,,
"CPALTT01","Consumer prices: all items","GBR","United Kingdom","GP","Growth previous period","M","Monthly","2018-05","May-2018","PC","Percentage","0","Units",,,0.3,,
"CPALTT01","Consumer prices: all items","GBR","United Kingdom","GP","Growth previous period","M","Monthly","2018-06","Jun-2018","PC","Percentage","0","Units",,,0,,
"CPALTT01","Consumer prices: all items","GBR","United Kingdom","GP","Growth previous period","M","Monthly","2018-07","Jul-2018","PC","Percentage","0","Units",,,0,,
"CPALTT01","Consumer prices: all items","GBR","United Kingdom","GP","Growth previous period","M","Monthly","2018-08","Aug-2018","PC","Percentage","0","Units",,,0.6,,
"CPALTT01","Consumer prices: all items","GBR","United Kingdom","GP","Growth previous period","M","Monthly","2018-09","Sep-2018","PC","Percentage","0","Units",,,0.1,,
"CPALTT01","Consumer prices: all items","GBR","United Kingdom","GP","Growth previous period","M","Monthly","2018-10","Oct-2018","PC","Percentage","0","Units",,,0.1,,
"CPALTT01","Consumer prices: all items","GBR","United Kingdom","GP","Growth previous period","M","Monthly","2018-11","Nov-2018","PC","Percentage","0","Units",,,0.2,,
"CPALTT01","Consumer prices: all items","GBR","United Kingdom","GP","Growth previous period","M","Monthly","2018-12","Dec-2018","PC","Percentage","0","Units",,,0.1,,
"CPALTT01","Consumer prices: all items","GBR","United Kingdom","GP","Growth previous period","M","Monthly","2019-01","Jan-2019","PC","Percentage","0","Units",,,-0.6,,
